boe_id,municipality,province,area,address,m2,year_built,catastro_ref,valor_subasta,tasacion,deposit,procedure,end_date,source,source_url
SUB-JA-2026-264436,Reus,Tarragona,,"C/ Baldomer Galofre 6, 3º A (43205)",63,1960,1074311CF4517C0009EH,29050.58,29050.58,1452.52,apremio,2026-10-14,subastable,https://subastable.com/subasta/10356-vivienda-en-reus/
SUB-JA-2026-263411,Madrid,Madrid,Hortaleza,"C/ Bembibre 16, bl. 25, 3º Izq (28033)",64,1965,4108207VK4840G0006MH,128231,128231,6412,judicial,2026-10-01,inversionnpl,https://inversionnpl.com/subasta/vivienda-madrid-madrid-sub-ja-2026-263411
SUB-JA-2026-265483,Valencia,Valencia,,"C/ Pintor Maella 21, 7º pta 28",64.3,,8316415YJ2081E0029HB,83761.17,83761.17,16752.23,apremio,2026-10-15,subastable,https://subastable.com/subasta/10469-vivienda-en-valencia/
SUB-JA-2026-266490,Valencia,Valencia,,"C/ Fuencaliente 20, pta 10",89.75,,,135395.06,,6769.75,apremio,2026-10-15,subastable,https://subastable.com/subasta/10471-vivienda-en-valencia/
SUB-JA-2026-266008,Madrid,Madrid,Usera,"C/ Madridejos 48, bajo 4 (acceso C/ Cocheros 17, 28026)",45.48,,,171304.71,,8565.23,apremio,2026-10-15,subastable,https://subastable.com/subasta/10451-vivienda-en-madrid/
SUB-JA-2025-253945,Málaga,Málaga,,"C/ Concejal Eduardo Heredia 4, 1º Dcha (Ciudad Jardín)",94.79,,,208727.58,,10436.37,apremio,2026-10-15,subastable,https://subastable.com/subasta/10453-vivienda-en-malaga/
SUB-JA-2026-264104,Granada,Granada,,"C/ La Encina 5, 1º C",87.26,,5063305VG4156C0006IF,126043,,6302.15,apremio,2026-10-15,subastable,https://subastable.com/subasta/10439-vivienda-en-granada/
SUB-JV-2026-266300,Bilbao,Bizkaia,,"C/ Padre Esteban Pernet 9, 6º (con garaje y trastero)",105,,,272523,,13626.15,voluntaria,2026-10-15,subastable,https://subastable.com/subasta/10474-vivienda-en-bilbao/
SUB-JA-2026-263846,Lleida,Lleida,,"C/ Caballeros 3, 4º B",68.29,,,144699.25,144699.25,7234.96,apremio,2026-10-15,subastable,https://subastable.com/subasta/10442-vivienda-en-lleida/
SUB-JA-2026-265981,Torrevieja,Alicante,,"Ronda Ricardo de la Fuente Aguado 16, 1º pta 19",54.72,,,149029.22,,7451.46,apremio,2026-10-15,subastable,https://subastable.com/subasta/10390-vivienda-en-torrevieja/
SUB-JA-2026-266255,Estepona,Málaga,,"Urb. Las Joyas, esc. 23, 1º I",,,,138266.55,,6913.32,apremio,2026-10-15,subastable,https://subastable.com/subasta/10454-vivienda-en-estepona/
SUB-JA-2026-265198,Polán,Toledo,,"C/ de la Encina 2, parcela B",,,,236039.86,,11801.99,apremio,2026-10-14,subastable,https://subastable.com/subasta/10359-vivienda-en-polan/
