municipality,area,eur_m2,basis,source,as_of
Madrid,,6471,asking,idealista,2026-08
Madrid,Usera,3626,asking,idealista,2026-08
Madrid,Hortaleza,5483,asking,idealista,2026-08
Valencia,,3469,asking,idealista,2026-08
Málaga,,3938,asking,idealista,2026-08
Granada,,2685,asking,idealista,2026-08
Bilbao,,4201,asking,idealista,2026-08
Lleida,,1515,asking,idealista,2026-08
Tarragona,,2100,asking,idealista,2026-08
Toledo,,2078,asking,idealista,2026-08
Alicante,,2721,asking,idealista,2026-08
Torrevieja,,2553,asking,idealista,2026-08
Reus,,1626,asking,fotocasa,2026-09
